temperature_K,object,measurement,response_percent
300,blue,1,10
400,blue,1,22
500,blue,1,40
600,blue,1,74
700,blue,1,84
300,blue,2,20
400,blue,2,32
500,blue,2,50
600,blue,2,84
700,blue,2,94
300,red,1,84
400,red,1,78
500,red,1,72
600,red,1,22
700,red,1,10
300,red,2,94
400,red,2,88
500,red,2,82
600,red,2,32
700,red,2,20
300,orange,1,52
400,orange,1,46
500,orange,1,16
600,orange,1,46
700,orange,1,52
300,orange,2,64
400,orange,2,58
500,orange,2,28
600,orange,2,58
700,orange,2,64
