replicate,temperature_K,component,value_percent
1,300,1,20.29896441850117
1,300,2,23.683468911179485
1,300,3,24.123761986805885
1,500,1,28.15113875876736
1,500,2,28.070155428788393
1,500,3,26.263196001263626
1,700,1,31.50124169383573
1,700,2,29.61854390812472
1,700,3,29.15979576085453
2,300,1,20.467272819454283
2,300,2,23.54408651341239
2,300,3,23.315986969223296
2,500,1,24.93673142067016
2,500,2,26.776091319978722
2,500,3,27.172573776021686
2,700,1,32.80185944290732
2,700,2,30.293150167773415
2,700,3,27.01417909803837
3,300,1,21.052917515037404
3,300,2,23.830385077059557
3,300,3,22.087563413682506
3,500,1,28.890449303240075
3,500,2,29.28176553720676
3,500,3,27.09812149356944
3,700,1,32.816838025812864
3,700,2,30.972500479744895
3,700,3,29.176425491736385
4,300,1,22.18084524700714
4,300,2,24.94205949834857
4,300,3,22.472687630288316
4,500,1,30.021680517322405
4,500,2,27.87198771402613
4,500,3,27.46610872914525
4,700,1,30.880060837444084
4,700,2,29.11580544435697
4,700,3,26.64959964937072
